Name,Country/State
Acapulco,[[Mexico]]
bombs-bursting-overhead,[[Mexico]]
Confessions of a Closet Schemer,[[Mexico]]
A Year in Mexico,[[Mexico]]
can-check-time-like,[[Mexico]]
clothes-shopping-in-the-big-city-guadalajara,[[Mexico]]
day-trip-tlaquepaque-guadalajara,[[Mexico]]
death-and-beyond-in-guanajuato-mexico,[[Mexico]]
death-mexico,[[Mexico]]
dia-de-los-muertos-computador,[[Mexico]]
feel-earth-move-feet,[[Mexico]]
glenn-sun-pyramid,[[Mexico]]
halloween-parade-in-san-cristobal-de-las-casas-mexico,[[Mexico]]
jungle-ancients-yaxchilan-bonampak,[[Mexico]]
legend-johnny-vagabond,[[Mexico]]
life-living-mexico,[[Mexico]]
manana-mexico,[[Mexico]]
medicine-mexico,[[Mexico]]
mexico-city-revisited,[[Mexico]]
ninety-days-in-mexico-travelers-or-livers,[[Mexico]]
october-2-a-sad-day-to-remember,[[Mexico]]
oh-mexico,[[Mexico]]
organic-tianguis-finally,[[Mexico]]
orquideas-moxviquil-orchid-and-botanical-conservatory,[[Mexico]]
palenque-the-star-of-the-chiapas-maya-show,[[Mexico]]
puerto-escondido-2,[[Mexico]]
san-cristobal-de-las-casas-second-city,[[Mexico]]
san-cristobal-guatemala-and-china,[[Mexico]]
san-miguel-de-allende,[[Mexico]]
scooter-ride-to-las-grutas,[[Mexico]]
scooters-to-chamula-and-zinacantan,[[Mexico]]
spiders-scorpions-and-treasures,[[Mexico]]
squinting-san-cristobal,[[Mexico]]
tales-from-the-tiki-bar-rambutans,[[Mexico]]
tequila-mexico,[[Mexico]]
the-cars-of-mexico-good-enough-1,[[Mexico]]
the-interesting-people-of-san-cristobal-de-las-casas,[[Mexico]]
viva-mexico,[[Mexico]]
waterfalls-day,[[Mexico]]
we-hiked-up-the-mountain-in-ajijic,[[Mexico]]
Awakening,[[Mexico]]
leavin-jet-plane,[[Mexico]]
my-tiki-bar-kitchen-1,[[Mexico]]
my-tiki-bar-kitchen-2,[[Mexico]]
my-tiki-bar-kitchen-3,[[Mexico]]
my-tiki-bar-kitchen-4,[[Mexico]]
on-the-road-again,[[Mexico]]
take-a-little-trip-with-me,[[Mexico]]
thunder-lightning-shelf-cloud,[[Mexico]]
vagabondians-landed,[[Mexico]]
year-outside-usa,[[Mexico]]
visit-to-guatemala,[[Guatemala]]
saripiqui-river-canopy-tour,[[Costa Rica]]
love-your-enemas,[[Nicaragua]]
burn-rate,[[Nicaragua]]
destination-nicaragua,[[Nicaragua]]
escape-from-managua-nicaragua,[[Nicaragua]]
grand-tour-of-the-islets-granada-nicaragua,[[Nicaragua]]
nicaragua-in-color,[[Nicaragua]]
the-price-of-free-tickets,[[Nicaragua]]
we-woke-up-in-nicaragua,[[Nicaragua]]