Name,Created,Property,Related to Mexico (Country/State),Related to Seven Months in a Pop-up Camper - 2011 (Tags),Tags
USA,"Feb 11, 2021 7:11 AM",[[Slomo %E2%80%94 Another One Escapes Normal]],[[Stuff]],[[The Journey of a Thousand Li Commences with a Sing]],[[My Unsolicited Open Letter to the Class of _______]],[[What is a Vagabondian]],,,
Belize,"Feb 11, 2021 7:18 AM",,,,
Costa Rica,"Feb 13, 2021 1:30 PM",,[[saripiqui-river-canopy-tour]],,
Guatemala,"Feb 13, 2021 1:29 PM",,[[visit-to-guatemala]],,
Mexico,"Feb 11, 2021 7:18 AM",,[[Acapulco]],[[bombs-bursting-overhead]],[[Confessions of a Closet Schemer]],[[A Year in Mexico]],[[can-check-time-like]],[[clothes-shopping-in-the-big-city-guadalajara]],[[day-trip-tlaquepaque-guadalajara]],[[death-and-beyond-in-guanajuato-mexico]],[[death-mexico]],[[dia-de-los-muertos-computador]],[[feel-earth-move-feet]],[[glenn-sun-pyramid]],[[halloween-parade-in-san-cristobal-de-las-casas-mex]],[[jungle-ancients-yaxchilan-bonampak]],[[legend-johnny-vagabond]],[[life-living-mexico]],[[manana-mexico]],[[medicine-mexico]],[[mexico-city-revisited]],[[ninety-days-in-mexico-travelers-or-livers]],[[october-2-a-sad-day-to-remember]],[[oh-mexico]],[[organic-tianguis-finally]],[[orquideas-moxviquil-orchid-and-botanical-conservat]],[[palenque-the-star-of-the-chiapas-maya-show]],[[puerto-escondido-2]],[[san-cristobal-de-las-casas-second-city]],[[san-cristobal-guatemala-and-china]],[[san-miguel-de-allende]],[[scooter-ride-to-las-grutas]],[[scooters-to-chamula-and-zinacantan]],[[spiders-scorpions-and-treasures]],[[squinting-san-cristobal]],[[tales-from-the-tiki-bar-rambutans]],[[tequila-mexico]],[[the-cars-of-mexico-good-enough-1]],[[the-interesting-people-of-san-cristobal-de-las-cas]],[[viva-mexico]],[[waterfalls-day]],[[we-hiked-up-the-mountain-in-ajijic]],[[Awakening]],[[leavin-jet-plane]],[[my-tiki-bar-kitchen-1]],[[my-tiki-bar-kitchen-2]],[[my-tiki-bar-kitchen-3]],[[my-tiki-bar-kitchen-4]],[[on-the-road-again]],[[take-a-little-trip-with-me]],[[thunder-lightning-shelf-cloud]],[[vagabondians-landed]],[[year-outside-usa]],,
Nicaragua,"Feb 11, 2021 5:35 PM",,[[love-your-enemas]],[[destination-nicaragua]],[[burn-rate]],[[escape-from-managua-nicaragua]],[[grand-tour-of-the-islets-granada-nicaragua]],[[nicaragua-in-color]],[[the-price-of-free-tickets]],[[we-woke-up-in-nicaragua]],,
Texas,"Feb 11, 2021 7:18 AM",[[Stuff]],[[The Journey of a Thousand Li Commences with a Sing]],[[What is a Vagabondian]],[[My Unsolicited Open Letter to the Class of _______]],,"../Vagabondians%2019860e34c799433184b8df7b4895750b/Seven%20Months%20in%20a%20Pop-up%20Camper%20-%202011%20b94673727ff94b63b153b640d9c5ad48/Amarillo,[[ Texas]], ../Vagabondians%2019860e34c799433184b8df7b4895750b/Seven%20Months%20in%20a%20Pop-up%20Camper%20-%202011%20b94673727ff94b63b153b640d9c5ad48/Anywhere%20in%20Texas,[[ RFD]],[[Musings on Being Homeless After Seven Months]],[[glenn-2-0-2011-review]],
Chiapas,"Feb 11, 2021 7:19 AM",,,,
Exit Plan,"Feb 11, 2021 7:38 AM",,,,
Pop-up,"Feb 11, 2021 7:39 AM",,,,
RV,"Feb 11, 2021 7:42 AM",,,,
Oklahoma,"Feb 11, 2021 5:04 PM",,,[[Wichita Mountains National Wildlife Refuge]],[[tales-tiki-bar-1]],[[Hitting the Road]],[[Us vs Mother Nature]], ../Vagabondians%2019860e34c799433184b8df7b4895750b/Seven%20Months%20in%20a%20Pop-up%20Camper%20-%202011%20b94673727ff94b63b153b640d9c5ad48/Oklahoma%20City,[[ OK]],
New Mexico,"Feb 11, 2021 5:06 PM",,,"../Vagabondians%2019860e34c799433184b8df7b4895750b/Seven%20Months%20in%20a%20Pop-up%20Camper%20-%202011%20b94673727ff94b63b153b640d9c5ad48/Albuquerque,[[ New Mexico]],[[Welcome to New Mexico - Again]],[[A Bigger Tent -- on Wheels]],[[Vive les Franc%CC%A7ais!]],[[Tales from the Tiki Bar - Tinkertown]],[[The Tiki BaRV -- a Reality!]],[[Communications on the Road Update]], ../Vagabondians%2019860e34c799433184b8df7b4895750b/Seven%20Months%20in%20a%20Pop-up%20Camper%20-%202011%20b94673727ff94b63b153b640d9c5ad48/Tales%20from%20Vagabondia,[[ the Ancient Way]],[[Tails from the Tiki Bar]],[[Tales from the Tiki Bar 2]],[[Learning to Chill]],[[cooking-gas]],[[Sandia Peak]],[[Bosque del Apache]],[[The Very Large Array]],
Arizona,"Feb 11, 2021 5:08 PM",,,"../Vagabondians%2019860e34c799433184b8df7b4895750b/Seven%20Months%20in%20a%20Pop-up%20Camper%20-%202011%20b94673727ff94b63b153b640d9c5ad48/Wallow%20Fire,[[ Eastern Arizona]], ../Vagabondians%2019860e34c799433184b8df7b4895750b/Seven%20Months%20in%20a%20Pop-up%20Camper%20-%202011%20b94673727ff94b63b153b640d9c5ad48/Winslow,[[ Arizona]], ../Vagabondians%2019860e34c799433184b8df7b4895750b/Seven%20Months%20in%20a%20Pop-up%20Camper%20-%202011%20b94673727ff94b63b153b640d9c5ad48/Williams,[[ Arizona]],[[grand-canyon-introduction]],[[Grand Canyon - North Rim]],
Utah,"Feb 11, 2021 5:08 PM",,,[[Bryce Canyon National Park]],[[Hoodoo You Think You Are]],
Nevada,"Feb 11, 2021 5:09 PM",,,,
California,"Feb 11, 2021 5:10 PM",,,"../Vagabondians%2019860e34c799433184b8df7b4895750b/Seven%20Months%20in%20a%20Pop-up%20Camper%20-%202011%20b94673727ff94b63b153b640d9c5ad48/Napa%20Valley,[[ California]], ../Vagabondians%2019860e34c799433184b8df7b4895750b/Seven%20Months%20in%20a%20Pop-up%20Camper%20-%202011%20b94673727ff94b63b153b640d9c5ad48/Humboldt%20Redwoods,[[ California]],[[Exploring Prairie Creek Redwoods State Park]],[[Grove of Titans]], ../Vagabondians%2019860e34c799433184b8df7b4895750b/Seven%20Months%20in%20a%20Pop-up%20Camper%20-%202011%20b94673727ff94b63b153b640d9c5ad48/The%20Lost%20Coast,[[ California]],[[A Special Whale]],[[tales-tiki-bar-universe-speaks]],[[tales-tiki-bar-awesome-people]],[[tales-tiki-bar-napa-baby]],[[Sequoia King's Canyon National Parks]],[[Yosemite]],[[San Francisco]],
Oregon,"Feb 11, 2021 5:11 PM",,,[[Oregon Coast]],
Washington,"Feb 11, 2021 5:11 PM",,,[[Mount St Helens]],[[seattle]],[[washington-montana]],
Idaho,"Feb 11, 2021 5:12 PM",,,[[washington-montana]],
Montana,"Feb 11, 2021 5:12 PM",,,[[washington-montana]],[[Big Sky]],[[Wyoming to Minnesota]],
Wyoming,"Feb 11, 2021 5:13 PM",,,[[washington-montana]],[[wyoming]],[[yellowstone]],[[Wyoming to Minnesota]],
South Dakota,"Feb 11, 2021 5:13 PM",,,,
North Dakota,"Feb 11, 2021 5:21 PM",,,[[Wyoming to Minnesota]],
Minnesota,"Feb 11, 2021 5:21 PM",,,[[minnesota-its-flat]],[[Wyoming to Minnesota]], ../Vagabondians%2019860e34c799433184b8df7b4895750b/Seven%20Months%20in%20a%20Pop-up%20Camper%20-%202011%20b94673727ff94b63b153b640d9c5ad48/Ely,[[ MN]],
Wisconsin,"Feb 11, 2021 5:22 PM",,,[[leopold-center-baraboo-wisconsin]],[[international-crane-foundation-baraboo-wisconsin]],[[wisconsin-dells]], ../Vagabondians%2019860e34c799433184b8df7b4895750b/Seven%20Months%20in%20a%20Pop-up%20Camper%20-%202011%20b94673727ff94b63b153b640d9c5ad48/Circus%20Museum%20-%20Baraboo,[[ Wi]],
Illinois,"Feb 11, 2021 5:22 PM",,,"../Vagabondians%2019860e34c799433184b8df7b4895750b/Seven%20Months%20in%20a%20Pop-up%20Camper%20-%202011%20b94673727ff94b63b153b640d9c5ad48/Chicago,[[ IL]],[[Illinois]],
Indiana,"Feb 11, 2021 5:23 PM",,,,
Ohio,"Feb 11, 2021 5:25 PM",,,[[Ohio - Genealogy]], ../Vagabondians%2019860e34c799433184b8df7b4895750b/Seven%20Months%20in%20a%20Pop-up%20Camper%20-%202011%20b94673727ff94b63b153b640d9c5ad48/Youngstown,[[ OH]], ../Vagabondians%2019860e34c799433184b8df7b4895750b/Seven%20Months%20in%20a%20Pop-up%20Camper%20-%202011%20b94673727ff94b63b153b640d9c5ad48/Cincinnati,[[ OH]],
Michigan,"Feb 11, 2021 5:25 PM",,,[[Michigan]],
Iowa,"Feb 11, 2021 5:26 PM",,,"../Vagabondians%2019860e34c799433184b8df7b4895750b/Seven%20Months%20in%20a%20Pop-up%20Camper%20-%202011%20b94673727ff94b63b153b640d9c5ad48/Burlington,[[ Iowa]],
Missouri,"Feb 11, 2021 5:26 PM",,,"../Vagabondians%2019860e34c799433184b8df7b4895750b/Seven%20Months%20in%20a%20Pop-up%20Camper%20-%202011%20b94673727ff94b63b153b640d9c5ad48/Joplin,[[ MO]],
Kansas,"Feb 11, 2021 5:27 PM",,,[[Kansas]],