Name,Created,Tags,URL,Updated
Vagabondians Taskboard,"Oct 4, 2019 6:01 PM",,,"Oct 4, 2019 6:03 PM"
,"Oct 3, 2019 1:26 PM",,,"Oct 3, 2019 1:26 PM"
Screenshot (24),"Nov 24, 2014 9:28 AM",,,"Nov 24, 2014 9:28 AM"
Screenshot,"Jun 25, 2014 6:18 PM",,,"Jun 25, 2014 6:18 PM"
Screenshot,"Jun 23, 2014 2:41 PM",,,"Jun 23, 2014 2:41 PM"
Screenshot,"Jun 22, 2014 10:53 AM",,,"Jun 22, 2014 10:53 AM"
Love Your Enemas | Vagabondians,"May 23, 2014 5:39 PM",,http://vagabondians.com/love-your-enemas/,"May 23, 2014 5:39 PM"
Nicaragua in Color | Vagabondians,"May 23, 2014 5:38 PM",,http://vagabondians.com/nicaragua-in-color/,"May 23, 2014 5:38 PM"
"Grand Tour of the Islets, Granada, Nicaragua | Vagabondians","May 23, 2014 5:38 PM",,http://vagabondians.com/grand-tour-of-the-islets-granada-nicaragua/,"May 23, 2014 5:38 PM"
Burn Rate | Vagabondians,"May 23, 2014 5:38 PM",,http://vagabondians.com/burn-rate/,"May 23, 2014 5:38 PM"
"Saripiqui River and Canopy Tour, Costa Rica | Vagabondians","May 23, 2014 5:38 PM",,http://vagabondians.com/saripiqui-canopy-tour/,"May 23, 2014 5:38 PM"
Squinting in San Cristobal | Vagabondians,"May 23, 2014 5:36 PM",,http://vagabondians.com/squinting-san-cristobal/,"May 23, 2014 5:36 PM"
Death in Mexico! | Vagabondians,"May 23, 2014 5:36 PM",,http://vagabondians.com/death-mexico/,"May 23, 2014 5:36 PM"
Word of Wisdom | Vagabondians,"May 23, 2014 5:35 PM",,http://vagabondians.com/word-of-wisdom/,"May 23, 2014 5:35 PM"
2013 - A Brief Summary | Vagabondians,"May 23, 2014 5:35 PM",,http://vagabondians.com/2013-a-brief-summary/,"May 23, 2014 5:35 PM"
"Halloween Parade in San Cristobal de las Casas, Mexico | Vagabondians","May 23, 2014 5:35 PM",,http://vagabondians.com/halloween-parade-in-san-cristobal-de-las-casas-mexico/,"May 23, 2014 5:35 PM"
From Steinbeck? | Vagabondians,"May 23, 2014 5:35 PM",,http://vagabondians.com/steinbeck/,"May 23, 2014 5:35 PM"
Big Bend National Park - 1991 | Vagabondians,"May 23, 2014 5:35 PM",,http://vagabondians.com/big-bend-national-park-1991/,"May 23, 2014 5:35 PM"
Three Years Ago We Quit Our Jobs And Ran Away From Home | Vagabondians,"May 23, 2014 5:34 PM",,http://vagabondians.com/three-years-ago-quit-jobs-ran-away-home/,"May 23, 2014 5:34 PM"
Flippin' RV's - a Reality TV Show I Might Actually Watch | Vagabondians,"May 23, 2014 5:33 PM",,http://vagabondians.com/flippin-rvs-reality-tv-show-might-actually-watch/,"May 23, 2014 5:33 PM"
"Thunder! Lightning! Shelf cloud!﻿ | Vagabondians","May 23, 2014 5:33 PM",,http://vagabondians.com/thunder-lightning-shelf-cloud%ef%bb%bf/,"May 23, 2014 5:33 PM"
"You Can Check Out Any Time You Like, But... | Vagabondians","May 23, 2014 5:33 PM",,http://vagabondians.com/can-check-time-like/,"May 23, 2014 5:33 PM"
Glenn on the Sun Pyramid | Vagabondians,"May 23, 2014 5:33 PM",,http://vagabondians.com/glenn-sun-pyramid/,"May 23, 2014 5:33 PM"
Four Foolish Years | Vagabondians,"May 23, 2014 5:32 PM",,http://vagabondians.com/four-foolish-years/,"May 23, 2014 5:32 PM"
A Major Change in Plans | Vagabondians,"May 23, 2014 4:10 PM",,http://vagabondians.com/major-change-plans/,"May 23, 2014 4:10 PM"
"Compromise, or My Love/Hate Relationship With WalMart","May 23, 2014 2:59 PM",,,"May 23, 2014 4:08 PM"
"Another day, another bed | Vagabondians","May 23, 2014 2:57 PM",,http://vagabondians.com/bedding-update/,"May 23, 2014 2:57 PM"
Our Bed Finds a Good Home | Vagabondians,"May 23, 2014 2:57 PM",,http://vagabondians.com/bed-finds-good-home/,"May 23, 2014 2:57 PM"
"Compromise, or My Love/Hate Relationship With WalMart | Vagabondians","May 23, 2014 2:56 PM",,http://vagabondians.com/compromise-lovehate-relationship-walmart/,"May 23, 2014 2:56 PM"
A Major Change in Plans | Vagabondians,"May 23, 2014 2:56 PM",,http://vagabondians.com/major-change-plans/,"May 23, 2014 2:56 PM"
Communications On The Road | Vagabondians,"May 23, 2014 2:56 PM",,http://vagabondians.com/communications-road/,"May 23, 2014 2:56 PM"
Debt Reduction | Vagabondians,"May 23, 2014 2:56 PM",,http://vagabondians.com/debt-reduction/,"May 23, 2014 2:56 PM"
What is a Vagabondian? | Vagabondians,"May 23, 2014 2:55 PM",,http://vagabondians.com/what-is-a-vagabondian/,"May 23, 2014 2:55 PM"
The Journey of a Thousand Li Commenced With a Single Step | Vagabondians,"May 23, 2014 2:55 PM",,http://vagabondians.com/the-journey-of-a-thousand-li-commenced-with-a-single-step/,"May 23, 2014 2:55 PM"
Stuff | Vagabondians,"May 23, 2014 2:54 PM",,http://vagabondians.com/stuff/,"May 23, 2014 2:54 PM"
Dreaming of Belize | Vagabondians,"May 23, 2014 2:53 PM",,http://vagabondians.com/dreaming-of-belize/,"May 23, 2014 2:53 PM"
Slomo – Another One Escapes Normal,"May 12, 2014 8:13 AM",,,"May 23, 2014 2:23 PM"
The Organic Tianguis - we finally made it!,"May 12, 2014 7:47 AM",,,"May 12, 2014 8:09 AM"
Blog Post Template,"May 12, 2014 7:13 AM",,,"May 12, 2014 7:33 AM"
About Us,"May 11, 2014 12:37 PM",,http://vagabondians.com/about/,"May 11, 2014 2:22 PM"
Re: A quick question,"Mar 15, 2013 1:59 PM",,,"Oct 3, 2019 1:12 PM"
Exit Plan Writing and Resources Notes for Editing Stage,"Dec 1, 2012 10:40 AM","Escape Normal, Exit Plan",,"Dec 16, 2012 1:04 PM"
General goal/vision thoughts,"Oct 5, 2012 8:45 AM",,,"Oct 3, 2019 12:57 PM"
earthquake,"Sep 19, 2012 11:09 AM",,,"Oct 13, 2012 10:48 AM"
Ernesto,"Sep 19, 2012 11:09 AM",,,"Sep 19, 2012 11:09 AM"
"Another day, another bed","Jan 31, 2011 1:59 PM",,,"May 23, 2014 4:39 PM"
Our Bed Finds a Good Home,"Jan 24, 2011 1:59 PM",,,"May 23, 2014 4:16 PM"
A Major Change in Plans,"Jan 14, 2011 1:59 PM",,,"May 23, 2014 4:12 PM"
Communications On The Road,"Dec 16, 2010 1:59 PM",,,"May 23, 2014 3:53 PM"
Debt Reduction,"Nov 13, 2010 1:59 PM",,,"May 23, 2014 3:44 PM"
Dreaming of Belize,"Jul 23, 2010 1:58 PM",,,"May 23, 2014 3:10 PM"
What is a Vagabondian?,"Jul 13, 2010 1:59 PM",,,"May 23, 2014 3:38 PM"
Stuff,"Jul 3, 2010 1:58 PM",,,"May 23, 2014 3:28 PM"
Notes From the Fringe,"Jun 23, 2010 1:25 PM",,,"May 23, 2014 2:29 PM"
The Journey of a Thousand Li Commenced With a Single Step,"Jun 11, 2010 1:58 PM",,,"May 23, 2014 3:31 PM"
,"Oct 3, 2019 1:27 PM",,,"Oct 3, 2019 1:27 PM"